neo4j_id,loai_an_pham,id,link,created_at,tom_tat,nguoi_tao,nam_xuat_ban,trang_thai,dong_tac_gia,noi_xuat_ban,ten_cong_trinh
47,,ct_47,,,,,2000,Hoàn thành,,"Tạp chí Khoa học và công nghệ, Trường Đại học Thủy Sản, Số 1, 46-51",Bài toán tích phân hàm hữu tỷ
48,,ct_48,,,,,2002,Hoàn thành,,"Tạp chí Tin học và Điều khiển học. No 3, 226-230",Recognizing dominating cycles is NP-Hard
49,,ct_49,,,,,2002,Hoàn thành,,"Tạp chí Khoa học và công nghệ, Trường Đại học Thủy Sản, Số 3, 64-65",Giới thiệu phương pháp lập lịch thi
50,,ct_50,,,,,2004,Hoàn thành,,"Tạp chí Khoa học và công nghệ, Trường Đại học Thủy Sản, Số 2, 24-28",Phép qui dẫn đa thức trong lớp NP-đầy đủ
51,,ct_51,,,,,2004,Hoàn thành,,"Tạp chí Khoa học và công nghệ, Trường Đại học Thủy Sản, Số 4, 34-37",Tiếp cận chu trình Hamilton của đồ thị từ bao đóng của nó
52,,ct_52,,,,,2005,Hoàn thành,,"Kỷ yếu Hội thảo Quốc gia “Một số vấn đề chọn lọc của Công nghệ Thông tin”, Đà Nẵng, Nxb KHKT Hà Nội 2005, 129-142",Tính duy nhất của bao đóng đồ thị
53,,ct_53,,,,,2005,Hoàn thành,,"Tạp chí Phát triển Khoa học và Công nghệ, Đại học Quốc gia TPHCM, Tập 8, Số 4, 5-10",Thuật toán đa thức xác định chu trình Hamilton từ bao đóng của đồ thị
56,,ct_56,,,,,2006,Hoàn thành,,"Kỷ yếu Hội thảo Quốc gia “Một số vấn đề chọn lọc của Công nghệ Thông tin”, Hải Phòng, NXB KHKT Hà Nội 2006, 310-313",Đồ thị Hamilton tối đại
57,,ct_57,,,,,2006,Hoàn thành,,"Kỷ yếu Hội thảo Quốc gia “Một số vấn đề chọn lọc của Công nghệ Thông tin”, Đà Lạt",Ứng dụng bài toán chu trình Hamilton giải quyết một số bài toán tối ưu trên đồ thị
58,,ct_58,,,,,2006,Hoàn thành,,"Tạp chí Tin học và Điều khiển học. T22, Số 2, 117-122",Kết quả mới về đồ thị Hamilton tối đại
59,,ct_59,,,,,2006,Hoàn thành,,"Tạp chí Tin học và Điều khiển học. T23, Số 3, 221-228",Số đồ thị Hamilton tối đại
60,,ct_60,,,,,,Hoàn thành,,,Tìm hiểu Thuật toán tiến hóa & di truyền và cài đặt thử nghiệm
61,,ct_61,,,,,,Hoàn thành,,,Một số lưu ý về phủ tối thiểu tập phụ thuộc hàm trong CSDL quan hệ
62,,ct_62,,,,,,Hoàn thành,,,Tìm hiểu các thuật toán điều khiển tương tranh và cài đặt thực nghiệm trên mạng cục bộ Novell Netware Project
63,,ct_63,,,,,2005,Hoàn thành,,Proceedings of Asian Info-communications Council 32nd Conference,A Case Study for Application Layer Multicast with JXTA Technology
64,,ct_64,,,,,2007,Hoàn thành,,"Proceedings of the 3rd International Conference on Next Generation Web Services Practices (NWeSP'07), IEEE CS, pp.35-40",Transforming Valid XML into RDF via RDF Schema
65,,ct_65,,,,,2007,Hoàn thành,,"The conference of the acoustical society of Korea, 11/2007",Weighted Mahalanobis Distance improve speech recognition performance
66,,ct_66,,,,,2007,Hoàn thành,,"The conference of the acoustical society of Korea, 2007",Subband Calibrate Limabeam algoritm for Speech Recognition System Using Microphone Array
68,,ct_68,,,,,2008,Hoàn thành,,"Kỷ yếu Hội thảo Quốc gia “Một số vấn đề chọn lọc của Công nghệ Thông tin”, Huế 8/2008",A sufficient condition for non-Hamiltonian graph
69,,ct_69,,,,,2008,Hoàn thành,,MSV'2008. pp.129~135,Viewer Perception of Superellipsoid-based Accelerometer Visualization Techniques
70,,ct_70,,,,,2008,Hoàn thành,,"Hội thảo Quốc tế lần thứ 2 về Lý thuyết và Ứng dụng của Khoa học Máy tính (ICTACS’09), Tạp chí Khoa học và Công nghệ, Viện Khoa học và Công nghệ Việt Nam, Vol 46, No 5A (2008), 57-66",Some problems about Hamiltonian Cycle in special graphs
71,,ct_71,,,,,2008,Hoàn thành,,"2008 International Conference on Services Computing (SCC 2008), IEEE CS, pp. 555-558, 2008",Exploiting XML Schema for Interpreting XML Documents as RDF
72,,ct_72,,,,,2008,Hoàn thành,,"Acoustical Society of Korea National Conference, Jeju Island, Republic of Korea, December 2008",Improved Parallel Model Combination using Noise Estimation Algorithms
73,,ct_73,,,,,2008,Hoàn thành,,"IEEE International Conference on Research, Innovation and Vision for the Future – RIVF , pp. 167-171, 2008",Quality measurement for transmitted audio data using distribution of sub-band signals
74,,ct_74,,,,,2008,Hoàn thành,,"IEEE International Conference on Research, Innovation and Vision for the Future – RIVF , pp. 91-95, 2008",Performance improvement of speech recognition system using microphone array
75,,ct_75,,,,,2009,Hoàn thành,,International Journal of Computer Theory and Engineering. 01/2009; 1:601-604,Covering Rough Sets From a Topological Point of View
76,,ct_76,,,,,2009,Hoàn thành,,International Journal of Computer and Electrical Engineering. 01/2009; 1:431-435,A New Measure to Evaluate the Consistency of a Set of Decision Rules Extracted From a Decision Table
77,,ct_77,,,,,2009,Hoàn thành,,"ICIS 2009, ACM, pp. 125-131, Seoul, Korea, November 24-26, 2009",DTD2OWL: Automatic Transforming XML Documents into OWL Ontology
78,,ct_78,,,,,2009,Hoàn thành,,"The 32nd KIPS and Fall Conference, Seoul, Korea, pp. 801-802, November 2009",Extracting OWL Ontology from XML instances via XML Schema
79,,ct_79,,,,,2009,Hoàn thành,,"WASET – World Academy of Science – Engineering and Technology, Issue 60, December 2009, pages: 165-168",Face Detection using Variance based Haar-Like feature and SVM
80,,ct_80,,,,,2009,Hoàn thành,,"The conference of the acoustical society of Korea, 11/2009",Recognition performance improvement of unsupervised-Limabeam algorithm using post-filtering technique
81,,ct_81,,,,,2009,Hoàn thành,,"The conference of the acoustical society of Korea, 2009",Improved recognition performance by combination of delay and sum algorithm model adaptive in microphone array system
82,,ct_82,,,,,2010,Hoàn thành,,International Journal of Computer Theory and Engineering 01/2010; 2:180-184,A Family of Covering Rough Sets Based Algorithm for Reduction of Attributes
83,,ct_83,,,,,2010,Hoàn thành,,International Journal of Advanced Research in Computer Science. 01/2010; 1:9-14,An applied research based on Rough Set for discovering and improving the quality of the association rules set on the Teaching and Learning Database at Nha Trang University
84,,ct_84,,,,,2010,Hoàn thành,,International Journal of Advanced Research in Computer Science (IJARCS). 01/2010; 1:19-21,Covering Upper Approximations of Rough Sets and Closure Mappings
85,,ct_85,,,,,2010,Hoàn thành,,"Tạp Chí Khoa Học Và Công Nghệ, Đại Học Đà Nẵng – Số 3(38).2010",Thuật Toán Lai Tạp Apriori-Dt Và Thực Nghiệm
86,,ct_86,,,,,2010,Hoàn thành,,"Proceedings of the 2nd International Conference on Emerging Databases (EDB 2010), pp. 167-172, Jeju, Korea, August 30-31, 2010",XSD2RDFS and XML2RDF Transformation: a Semantic Approach
87,,ct_87,,,,,2010,Hoàn thành,,"The Journal of The acoustical Society of Korea Vol.29, No.1E 2010.3 pp.0~0",Performance improvement of Microphone Array Speech Recognition using Feature Weighted Mahalanobis Distance
88,,ct_88,,,,,2011,Hoàn thành,,Hội thảo Công Nghệ Thông Tin Và Toán Ứng Dụng – Đại học Nha Trang 2011,Luật khẳng định và phủ định dựa trên lý thuyết tập thô và ứng dụng
89,,ct_89,,,,,2011,Hoàn thành,,"The 2011 FTRA Internatioal Workshop on U-Healthcare Technologies and Services (U-Healthcare 2011), Jeju, Korea, December 12-15, 2011",Semantic and Structural Similarities between XML Schemas for Integration of Ubiquitous Healthcare Data
90,,ct_90,,,,,2012,Hoàn thành,,"International Journal of Advanced Research in Computer Science, Vol 3, No. 5, Sept-Oct 2012, 114-117",Necessary and sufficient condition for Maximal uniquely Hamiltonian graph
91,,ct_91,,,,,2012,Hoàn thành,,"Kỷ yếu hội thảo quốc gia CNTT-TT lần 14, Nhà xuất bản Khoa học và Kỹ thuật – 2012, tr. 555",Maximum independent set in special graphs
92,,ct_92,,,,,2012,Hoàn thành,,"Journal of Computers, Vol 7, No 3 (2012), 653-665, Mar 2012",IMPACT: A Novel Clustering Algorithm based on Attraction
93,,ct_93,,,,,2012,Hoàn thành,,"Journal of Personal and Ubiquitous Computing, ISSN: 1617-4909, 2012",Semantic and Structural Similarity Analysis for Integration of Ubiquitous XML Healthcare Data
94,,ct_94,,,,,2012,Hoàn thành,,"Knowledge-Based System, 2012",S-Trans: Semantic Transformation of XML Healthcare Data into OWL Ontology
95,,ct_95,,,,,2012,Hoàn thành,,"The 2012 FTRA International Conference on Advanced IT, engineering and Management (FTRA AIM 2012), Seoul, Korea, February 6-8, 2012",R2Sim: A Novel Semantic Similarity Measure for Matching between RDF Schemas
96,,ct_96,,,,,2012,Hoàn thành,,"The conference of Computer Science of Dalat University, 12/2012",Improve recognition performance of Limabeam algorithm using MLLR Adaptaton for environment
97,,ct_97,,,,,2012,Hoàn thành,,"International Journal of Advanced Research in Computer Science, Volume 3, No. 7, Nov-Dec 2012",Independence of Redundant Attributes in The Attribute Reduction Algorithm
98,,ct_98,,,,,2012,Hoàn thành,,"Tập san Tin học Quản lý –ĐH Kinh tế Tp HCM, Số 2-2012",Tiếp cận lý thuyết tập thô trong khai phá dữ liệu
99,,ct_99,,,,,2012,Hoàn thành,,Hội nghị toàn quốc lần thứ VI về Cơ Điện tử VCM-2012,DC servo postion controller design based on Direct Adaptive Fuzzy algorithm using dsPIC microcontroller
100,,ct_100,,,,,2012,Hoàn thành,,"Hội thảo Công nghệ Thông tin, Đại học Đà Lạt – 2012",Ứng dụng FPGA trong thiết kế CPU theo kiến trúc MIPS
101,,ct_101,,,,,2013,Hoàn thành,['et al.'],"Wireless Personal Communications (WPC) (SCIE: 0.458), Special Issue: Advanced Information Technologies in Future Computing Environments, 2013",A Semantic Approach for Transforming XML Data into RDF Ontology
102,,ct_102,,,,,2013,Hoàn thành,,"The Journal of Insitute Embeded Enginering of Korea, 2013",ImproveRecognition Performance Of Limabeam Algorithm Using MLLR Adaptation For Environment
103,,ct_103,,,,,2013,Hoàn thành,,"The Journal of Insitute Embeded Enginering of Korea, 2013",Recogniton performance improvement of Unsupervised Limabeam Algorithm Using Post Filtering Technique
104,,ct_104,,,,,2013,Hoàn thành,,Tạp chí Khoa học và Công nghệ Năng lượng – 2013,Phương pháp xếp hạng thực thể dựa trên đánh giá người dùng
105,,ct_105,,,,,2013,Hoàn thành,,"Hội thảo quốc gia lần thứ XVI: Một số vấn đề chọn lọc của Công nghệ thông tin và truyền thông- Đà Nẵng, 13-14/11/2013",Đánh giá hiệu quả bắt đặc trưng của khuôn mặt người qua video sử dụng thuật toán ASM phục vụ cho kĩ thuật MOCAP
106,,ct_106,,,,,2013,Hoàn thành,,"Tạp chí Khoa học – Đại học Đà Lạt, số 6 tháng 10-2013",4-Regular Graph of diameter 2
107,,ct_107,,,,,2013,Hoàn thành,,"International Journal of Intelligent Information Systems, Vol 2, No 4, 2013",Some extensions of positive and negative rules for discovering basic interesting rules
108,,ct_108,,,,,2013,Hoàn thành,,"International Journal of Advanced Research in Computer Science and Software Engineering, Vol 3, Issue 9, September 2013",An Improvement of Method Handling Missing Values in Incomplete Information System
109,,ct_109,,,,,2013,Hoàn thành,,"Journal of Personal and Ubiquitous Computing, Oct2013, Vol. 17 Issue 7, p1331",Semantic and Structural Similarity between XML Schemas for integration of Ubiquitous healthcare data
110,,ct_110,,,,,2014,Hoàn thành,,Numerical Functional Analysis and Optimization – 03/2014,Bilevel Optimization as a Regularization Approach to Pseudomonotone Equilibrium Problems
111,,ct_111,,,,,2014,Hoàn thành,,ACIS 12/2014 Proceedings – Vietnam,Context-aware image tagging with visual information inference
112,,ct_112,,,,,2014,Hoàn thành,,ACIS 12/2014 Proceedings – Vietnam,Estimation of Feature Enhancement on Handwritting Recognition by Combination between Diagonal Based and Dense Distribution Techniques
113,,ct_113,,,,,2014,Hoàn thành,,"Hội thảo quốc gia 2014 về Điện tử, Truyền thông và Công nghệ thông tin – 09/2014",Lập Luận Mờ Cho Giai Đoạn Lựa Chọn Đối Tác Trong Thương Lượng Tự Động
114,,ct_114,,,,,2014,Hoàn thành,,Cần Thơ – 12/2014,WebGis cho bảo tồn đa dạng sinh học Đồng bằng sông Cửu Long
115,,ct_115,,,,,2014,Hoàn thành,,Hợp tác phát triển CNTT và truyền thông VN lần thứ 18 – 08/2014 – Quảng Ninh,Báo cáo hoạt động 6 tháng đầu năm và KH hoạt động năm 2014
116,,ct_116,,,,,2015,Hoàn thành,,"International Journal of Advanced Research in Computer Science, Volume 6, No.5",New measures for constructing decision tree based on rough sets and applications
117,,ct_117,,,,,2015,Hoàn thành,,"International Journal of Advancements in Computing Technology, Vol. 7, No. 3",Computing the similarity between duplicate elements in XML schema
118,,ct_118,,,,,2015,Hoàn thành,,BISC 14 – Trường Đại học Kinh Tế HCM,Một số ứng dụng lý thuyết tập thô trong kinh tế và tài chính
119,,ct_119,,,,,2015,Hoàn thành,,Marine biotechnology and environment – Nha Trang University,Phylogenetic relationships of snappers (lutjanidae) based on mitochodrial DNA sequences
120,,ct_120,,,,,2015,Hoàn thành,,IICBE international conference 06/2015 – Singapore,"WebGis for reef fishes biodiversity at Nha Trang and Cam Ranh bays in Khanh Hoa province, Vietnam"
121,,ct_121,,,,,2015,Hoàn thành,,Hội thảo khoa học Khoa tự nhiên lần 5 – Trường CĐSP Nha Trang,Ứng dụng phần mềm Prezi trong xây dựng slides bài giảng/ báo cáo
126,,ct_126,,,,,2021,Hoàn thành,[],Hội thảo ICT Đại học Đà Lạt,Tấn công Man In The Midle (MITM) trong mạng SDN và giải pháp
127,,ct_127,,,,,2019,Hoàn thành,[],Hội thảo ICT Đại học Nha Trang,Vai trò của yếu tố con người trong an toàn mạng
128,,ct_128,https://www.jait.us/show-238-1521-1.html,,"Do sự di chuyển thường xuyên của Máy bay không người lái (UAV) trong Mạng Ad-Hoc Bay (FANET), việc tăng Tỷ lệ phân phối gói (PDR) từ UAV đến Trạm điều khiển mặt đất (GCS) là một vấn đề lớn. Trong nghiên cứu này, một giải pháp được đề xuất, đã được cải tiến từ máy bay không người lái (UAV) tiêu chuẩn để giải quyết thách thức này. Ý tưởng của giải pháp được đề xuất là tạo ra một FANET phân cấp hai lớp, lõi và các lớp truy cập. Lớp lõi bao gồm một số UAV bay theo mô hình di động kèm theo để tạo thành một xương sống kết nối với GCS. Lớp truy cập bao gồm các UAV còn lại sử dụng UAV lớp lõi làm cổng để truyền dữ liệu đến GCS. Giải pháp được đề xuất được so sánh với kiến trúc cải tiến về PDR, thông lượng và độ trễ từ đầu đến cuối. Kết quả mô phỏng được thực hiện bằng OMNeT++ chứng minh rằng phương pháp được đề xuất vượt trội hơn kiến trúc cải tiến trong các chỉ số hiệu suất được đánh giá.",,2023,Hoàn thành,,"Journal of Advances in Information Technology, ESCI, Q3",An Efficient and Low-Cost Hierarchical FANET Architecture Using the Attached Mobility Model to Create the Core Layer for Connecting UAVs and Ground Control Stations
129,,ct_129,https://www.researchgate.net/publication/376555708_IMPROVING_FANET_PERFORMANCE_IN_SEARCH_AND_RESCUE_APPLICATIONS_MOBILITY_MODEL_PARAMETERS_AND_IMPLEMENTATION_STRATEGY,,"The use of FANET for search and rescue operations has attracted considerable attention due to its ability to rapidly deploy communication networks in remote and disaster-affected areas. Routing protocols play an important role in ensuring timely and reliable data transmission to the ground control station. However, the high mobility of UAVs makes the efficiency of routing protocols difficult to achieve as expected, depending heavily on the parameter selection for each mobility model and the range of the UAV. In this study, we examined the mobility samples of two mobility models Gauss-Markov and MassMobility, and proposed a solution to deploy FANET for search and rescue operations (named Regioned FANET). Under this solution, a search and rescue area are divided into fixed zones, the UAVs are assigned to operate in each specific area, all the UAVs cooperate to send data to the ground control station. Simulation results on OMNeT++ showed that changing the parameters of the mobility model affects the routing efficiency, using the proposed deployment strategy improves performance in terms of successful packet delivery rate, end-to-end latency and average throughput compared to normal deployment strategy.",,2023,Hoàn thành,,FAIR'2023,CẢI THIỆN HIỆU NĂNG FANET ỨNG DỤNG TRONG TÌM KIẾM CỨU NẠN: THAM SỐ MÔ HÌNH DI ĐỘNG VÀ CHIẾN LƯỢC TRIỂN KHAI
130,,ct_130,https://ieeexplore.ieee.org/document/10079561,,"Phân cụm dựa trên mật độ là một trong những công cụ được sử dụng nhiều nhất trong phân tích dữ liệu phân cụm vì nó có thể phát hiện cụm có hình dạng và nhiễu tùy ý. Một số phương pháp đã được đề xuất trong tài liệu như DBSCAN và phân cụm đỉnh mật độ. Trong phân cụm mật độ đỉnh (DPC), kết quả có thể phụ thuộc trực tiếp vào phương pháp được sử dụng trong ước tính mật độ. Trong bài báo này, chúng tôi tiến hành một số thí nghiệm với các tập dữ liệu khác nhau để quan sát và phân tích kết quả thu được bởi DPC khi sử dụng một số loại ước tính mật độ.",,2023,Hoàn thành,,"2023 25th International Conference on Advanced Communication Technology (ICACT), Pyeongchang, Korea, Republic of, pp. 126-129",Density peak clustering evaluation
131,,ct_131,,,,, Học viện Kỹ thuật mật mã,Hoàn thành,2022,"Hội nghị khoa học quốc gia lần thứ XV về ""Nghiên cứu cơ bản và ứng dụng Công nghệ thông tin"""" (Fundamental and Applied Information Technology) - FAIR'2022"," 11/2022"""
132,,ct_132,https://ict2022.tbd.edu.vn/wp-content/uploads/2022/10/Proceeding-ICT2022.pdf,,"Bài báo cáo này tôi trình bày một thử nghiệm họcchuyển giao cho bài toán phân lớp ảnh y khoa là ảnh siêu âm vú.Kết quả thử nghiệm cho thấy, với học chuyển giao từ ResNet50cho kết quả tốt nhất đạt được là 88%, đồng thời ở mô hìnhchuyển giao này, hàm tối ưu RMSprop là phù hợp nhất với bàitoán.",,2022,Hoàn thành,[],"ICT2022, Đại học Thái Bình Dương, ISBN: 978-604-67-2385-1",Một Thử Nghiệm Học Chuyển Giao Trong Bài Toán Phân Lớp Ảnh Siêu Âm Vú
133,,ct_133,https://scholar.google.com/citations?view_op=view_citation&hl=vi&user=sNME-5gAAAAJ&citation_for_view=sNME-5gAAAAJ:hqOjcs7Dif8C,,,,2022,Hoàn thành,,"Hội thảo Công nghệ thông tin và truyền thông- ICT2022 -Trường Đại học Thái Bình Dương, 15/7/2022",CHỐNG TẤN CÔNG NGẬP LỤT GÓI RREQ TRÊN GIAO THỨC AODV CỦA MẠNG MANET
134,,ct_134,,,,,2021,Hoàn thành,,"Hội thảo Công nghệ thông tin và truyền thông- ICT2021, Trường, Đại học Đà Lạt, ISBN 978-604-67-2096-6",Một đề xuất cải tiến giao thức AODV chống tấn công lỗ đen trên mạng Manet dựa trên độ tin cậy
135,,ct_135,,,,,2019,Hoàn thành,[],Luận văn Thạc sĩ,Luận văn cao học: Nghiên cứu thuật toán khai phá tập phổ biến Eclat và các biến thể
136,,ct_136,,,,,2008,Hoàn thành,[],Đồ án Tốt nghiệp,Đồ án tốt nghiệp Đại học: Nghiên cứu và xây dựng hệ thống nhận dạng mặt người dựa trên AdaBoots
137,,ct_137,https://jos.hueuni.edu.vn/index.php/hujos-tt/article/view/7762,,,,2025,Hoàn thành,[],Hue University Journal,GPSR-RA: A Cross-Layer Position-Based Routing Protocol with Dynamic Bitrate Adaptation for FANETs
138,,ct_138,https://www.sciencedirect.com/science/article/abs/pii/S1570870525000769,,,,2025,Hoàn thành,[],"Ad Hoc Networks, SCIE Q1",GPSR-CB: A novel routing algorithm for FANET using cross-layer models in combination with multi-level backbone UAV
139,,ct_139,https://onlinelibrary.wiley.com/doi/abs/10.4218/etrij.2024-0298,,,,2025,Hoàn thành,['et al.'],"ETRI Journal, SCIE Q2",QLR-FANET: A Q-learning and rate control-based routing protocol for flying ad hoc network
140,,ct_140,https://vap.ac.vn/Portals/0/TuyenTap/2024/2/23/f601d30719fb4560afeabc3bd631b954/94BB_FAIR2023_paper_8451.pdf,,"Hiện nay, việc nghiên cứu học tăng cường cho các giao thức định tuyến đã nhận được nhiều sự quan tâm.Trong MANET, tính di động cao của các nút dẫn đến cấu trúc liên kết động và không bền vững, đó là thách thức yêu cầu giao thứcđịnh tuyến cần phải thích ứng nhanh. Học tăng cường đã được chứng minh là có thể giải quyết được thách thức định tuyến nàybằng cách cho các nút mạng quan sát và thu thập thông tin từ môi trường hoạt động cục bộ của chúng, học và đưa ra các quyếtđịnh định tuyến một cách hiệu quả. Bài báo này, tập trung vào việc áp dụng mô hình học tăng cường để định tuyến trong mạngMANET nhằm nâng cao hiệu năng mạng. Kết quả mô phỏng sử dụng NS2 cho thấy rằng, giao thức định tuyến có ứng dụng học tăngcường đã nâng cao được hiệu năng về tỉ lệ gửi gói dữ liệu thành công và thông lượng mạng.",,2023,Hoàn thành,,FAIR2023,RLMR: MỘT PHƯƠNG PHÁP ÁP DỤNG HỌC TĂNG CƯỜNG CHO ĐỊNH TUYẾN TRONG MẠNG TÙY BIẾN DI ĐỘNG
141,,ct_141,https://jos.husc.edu.vn/UPLOADS/numbers/67/1028_fulltext_09._mai_cuong_tho.pdf,,"OLSR là giao thức sử dụng phổ biến trong định tuyến trên MANET, việc ứng dụngtrực tiếp OLSR cho FANET không mang lại hiệu quả định tuyến cao do tính diđộng cao của các UAV. Giá trị các tham số thời gian hiệu lực của liên kết lánggiềng (Neighb_Hold_Time) và thời gian hiệu lực của thông tin cấu trúc liên kếtmạng (Top_Hold_Time) mặc định và cố định của OLSR chưa phù hợp khi ứngdụng vào FANET. Bài báo này chúng tôi đánh giá ảnh hưởng của hai tham số trênđến hiệu năng mạng và từ đó thử nghiệm kỹ thuật điều chỉnh động các tham số đótheo dải vận tốc chuyển động của các UAV. Kết quả thử nghiệm trên hệ mô phỏngOMNET++ cho thấy kỹ thuật điều chỉnh động đề xuất cải thiện được hiệu năng ởchỉ số chuyển gói thành công, trễ đầu-cuối trung bình và thông lượng khi ứngdụng vào FANET.",,2023,Hoàn thành,,"Tạp chí Khoa học và Công nghệ, Trường Đại học Khoa học, Đại học Huế, Tập 22(1B), Trang 105-116",Điều chỉnh tham số thời gian hiệu lực trong giao thức OLSR nhằm cải thiện hiệu năng FANET
142,,ct_142,,,,,2021,Hoàn thành,,"Hội nghị khoa học quốc gia lần thứ XIV về ""Nghiên cứu cơ bản và ứng dụng Công nghệ thông tin"""" (Fundamental and Applied Information Technology) - FAIR'2021""",Một giải pháp phát hiện tấn công lỗ đen dựa trên giao thức T3-AODV của mạng MANET
143,,ct_143,,,,,2020,Hoàn thành,[],"Hội thảo Khoa học Khoa, Đề tài NCKH, 2020",Nền tảng mô phỏng tấn công mạng MANET – NTU_Attack
144,,ct_144,,,,,2020,Hoàn thành,,"Hội thảo Công nghệ thông tin và truyền thông- ICT2020, 2020",Đánh giá một số thuật toán học máy ứng dụng trong triển khai hệ thống phát hiện tấn công website
145,,ct_145,,,,,2017,Hoàn thành,,"Hội thảo Công nghệ thông tin và truyền thông- ICT2018, Đà Lạt, 2017",Sinh tự động website học thuật cho giảng viên đại học
146,,ct_146,,,,,2015,Hoàn thành,,"Tạp chí Khoa học Đại học Văn Lang, 2015, ISSN 2525-2429",Xây dựng và triển khai một số giải pháp nhằm phát triển và nâng cao chất lượng hệ thống thông tin trên website của Trường Đại học Nha Trang theo yêu cầu của các tổ chức kiểm định chất lượng giáo dục
147,,ct_147,,,,,2011,Hoàn thành,[],Luận văn tốt nghiệp -Sau đại học – ĐHBK Hà Nội,Truy vấn thông tin trong tiếng nói tiếng Việt
148,,ct_148,,,,,2003,Hoàn thành,[],Đồ án tốt nghiệp ĐHBK Hà Nội,Xây dựng công cụ và / để đánh giá quy luật biến thiên biên độ tín hiệu tiếng nói theo các thanh điệu tiếng Việt
151,,ct_151,https://www.mdpi.com/2076-3417/13/2/886,,"Mô hình điện toán biên đã nổi lên như một phạm vi mới trong lĩnh vực Internet vạn vật (IoT) bằng cách đưa các dịch vụ đám mây lên biên mạng để xây dựng các kiến trúc phân tán. Để triển khai hiệu quả các dịch vụ ứng dụng IoT nhạy cảm với độ trễ và ngốn băng thông, các mô hình điện toán biên sử dụng các thiết bị trên ngoại vi mạng được phân tán và hạn chế tài nguyên. Mặt khác, kiến trúc vi dịch vụ ngày càng trở nên phổ biến để phát triển các ứng dụng IoT do lợi thế về khả năng bảo trì và khả năng mở rộng của chúng. Cung cấp một phương tiện giao tiếp hiệu quả cho các ứng dụng IoT dựa trên vi dịch vụ quy mô lớn được xây dựng từ các dịch vụ nhỏ và độc lập để hợp tác cung cấp các dịch vụ giá trị gia tăng vẫn là một thách thức. Bài báo này giới thiệu một phương tiện truyền thông theo hướng sự kiện tận dụng các nhà môi giới xuất bản/đăng ký Edge–Cloud cho các ứng dụng IoT dựa trên vi dịch vụ trên quy mô lớn. Sử dụng mô hình tương tác, các vi dịch vụ liên quan có thể cộng tác và trao đổi dữ liệu thông qua các sự kiện được kích hoạt một cách linh hoạt và hiệu quả mà không thay đổi logic kinh doanh cơ bản của chúng. Trong mô hình được đề xuất, các nhà môi giới biên được nhóm theo sự tương đồng của chúng trong các kênh sự kiện và khoảng cách gần vị trí địa lý của chúng, giảm độ trễ phân phối dữ liệu. Hơn nữa, trong hệ thống được đề xuất, một kỹ thuật được thiết kế để xây dựng ma trận tiện ích dựa trên nhà môi giới với các ràng buộc nhằm đạt được sự cân bằng giữa độ trễ, lưu lượng chuyển tiếp và khả năng mở rộng trong khi sắp xếp các nhà môi giới thành các cụm thích hợp để phân phối dữ liệu hiệu quả. Kết quả mô phỏng nghiêm ngặt chứng minh rằng mô hình xuất bản/đăng ký được đề xuất có thể cung cấp phương tiện tương tác hiệu quả cho các ứng dụng IoT dựa trên vi dịch vụ để cộng tác và trao đổi dữ liệu với độ trễ thấp, lưu lượng chuyển tiếp khiêm tốn và khả năng mở rộng cao trên quy mô lớn.",,2023,Hoàn thành,,"Appl. Sci. 2023, 13, 886. https://doi.org/10.3390/app13020886",Efficient Data Delivery Scheme for Large-Scale Microservices in Distributed Cloud Environment
152,,ct_152,,,,,2021,Hoàn thành,,"IEEE Internet of Things Journal, vol. 8, no. 3, pp. 1687-1701, 1 Feb.1, 2021",Modeling Data Redundancy and Cost-Aware Task Allocation in MEC-Enabled Internet-of-Vehicles Applications
153,,ct_153,,,,,2021,Hoàn thành,,"Sensors 2021, 21, 8232. https://doi.org/10.3390/s21248232",Efficient Solution for Large-Scale IoT Applications with Proactive Edge-Cloud Publish/Subscribe Brokers Clustering
154,,ct_154,,,,,2020,Hoàn thành,,"Symmetry 2020, 12, 3. https://doi.org/10.3390/sym12010003",Efficient Edge-Cloud Publish/Subscribe Broker Overlay Networks to Support Latency-Sensitive Wide-Scale IoT Applications
155,,ct_155,,,,,2019,Hoàn thành,,"IMCOM 2019. Advances in Intelligent Systems and Computing, vol 935. Springer, Cham",An Efficient Edge-Cloud Publish/Subscribe Model for Large-Scale IoT Applications
156,,ct_156,,,,,2017,Hoàn thành,,"2017 International Conference on Information Networking (ICOIN), Da Nang, Vietnam, 2017, pp. 477-479",A Fog/Cloud based data delivery model for publish-subscribe systems
186,,ct_186,,1776602018861,,Huỳnh Tuấn Anh,2026,Đang thực hiện,,,bốn năm
195,,ct_195,,,,Huỳnh Tuấn Anh,2026,Đang thực hiện,,,abc
225,,ct_225,https://www.ejmanager.com/mnstemps/71/71-1632557439.pdf?t=1776863469,,"The biggest challenge of building chatbots is training data. The required data must be realistic and large enoughto train chatbots. We create a tool to get actual training data from Facebook messenger of a Facebook page. Aftertext preprocessing steps, the newly obtained dataset generates FVnC and Sample dataset. We use the Retrainingof BERT for Vietnamese (PhoBERT) to extract features of our text data. K-Means and DBSCAN clusteringalgorithms are used for clustering tasks based on output embeddings from PhoBERTbase. We apply V-measurescore and Silhouette score to evaluate the performance of clustering algorithms. We also demonstrate theefficiency of PhoBERT compared to other models in feature extraction on the Sample dataset and wiki dataset. AGridSearch algorithm that combines both clustering evaluations is also proposed to find optimal parameters.Thanks to clustering such a number of conversations, we save a lot of time and effort to build data and storylinesfor training chatbot.",,2022,Hoàn thành,,Jordanian Journal of Computers and Information Technology,Clustering Vietnamese conversations from facebook page to build training dataset for chatbot
228,,ct_228,https://vjol.info.vn/DHSP-GD/article/view/84186/72770,,"Nghiên cứu tập trung vào xây dựng, triển khai và đánh giá việc sửdụng bài thí nghiệmsinh học ảo “Định lượng chlorophyll bằng phương pháp quang phổ” so với phương pháp giáo dục truyền thống(thực hiện tại phòng thực hành với đầy đủcác trang thiết bị, vật dụng và quy trình cụthể).Các mô hình 2D và 3D của thiết bị-vật  dụng  trong  bài  học được  thiết  kếdựa  trên  cáccông  cụđồhọa  (Blender, Adobe Illustrator).Các chuyển động, thao tác và tình huống của bài thí nghiệm ảo (virtual experiment -VE) được mô phỏng bằng phần mềm Unity. Bài VEdựa trên nền tảng e-learning được triển khai trong sinh viên với 2 nhóm khác nhau: nhóm 1 được trải nghiệm VE trước giờhọc thực hành và nhóm 2 thực hiện bài thí nghiệm khi chưa trải  nghiệm  VE.Kết  quảtriển  khai  trong  sinh  viên  cho  thấy nhóm  1có điểm kiểm tra trung bình cao hơn trong việc hiểu khái niệm, định nghĩa, các bước của bài thí nghiệmcũng như các lưu ý sửdụng thiết bịtrong phòng thí nghiệmso với nhóm 2 (p<0,05).Các sinh viên ởnhóm 1 cũng tựtin hơn trong việc thực hiện các kĩnăng vềquy trình khoa họccũng như có khảnăng tiếp thu kiến thức tại phòng thí nghiệm cao hơn Nhóm 2 (p<0,05). Các sinh viên ởnhóm 1 đánh giá caocác tiêu  chí  vềlợi  ích  của VEtrong  việc  ghi  nhớkhái  niệm,  các  bước  của bài  thí nghiệm, giúp nhận ra các lỗi sai thường gặp trong quá trình thí nghiệm(p<0,05). Tuy vậy, VEvẫn không thểthay thếbài thí nghiệmsinh học “thật”trong việc nâng cao kĩnăngthao  táccủa người  học.  Kết  quảnghiên  cứu  cho  thấy VEcó  thểtrởthành một công cụmạnh đểphối hợpvới phương pháp giáo dục truyền thống trong việcđào tạo sinh viên các kĩnăng phòng thí nghiệmsinh học.",,2023,Hoàn thành,,,"Xây dựng và triển khai đánh giá bài thí nghiệm ảo ""Định lượng chlorophyll bằng phương pháp quang phổ"" tại Trường Đại học Nha Trang"
229,,ct_229,,,,,2023,Hoàn thành,,,Khảo sát điều kiện môi trường trong nhân giống sa nhân tím (Amomum longiligulare t.l.) dưới sự giám sát và điều khiển của hệ thống tự động IoT
232,,ct_232,https://dantoctongiao.baodantoc.vn/khanh-hoa-ung-dung-cong-nghe-thong-tin-de-quan-ly-co-so-du-lieu-nghe-thuat-bai-choi-1711333133211.htm,,"Nghiên cứu này đề xuất một hệ thống quản lý dữ liệu số hóa cho nghệ thuật Bài Chòi tại tỉnh Khánh Hòa. Hệ thống sử dụng cơ sở dữ liệu đồ thị (Neo4j) nhằm lưu trữ và truy vấn thông tin về nghệ nhân, bài hát, địa điểm biểu diễn và các sự kiện liên quan. Ngoài ra, ứng dụng web được xây dựng để hỗ trợ tra cứu, trực quan hóa mối quan hệ giữa các thực thể trong hệ sinh thái văn hóa Bài Chòi.",,2024,Hoàn thành,,,Ứng dụng công nghệ thông tin để quản lý cơ sở dữ liệu Nghệ thuật Bài Chòi ở Khánh hòa
233,,ct_233,https://tcgd.tapchigiaoduc.edu.vn/index.php/tapchi/article/view/595/354,,"Accreditation  of  training  program  quality  is  a  requirement  and  one  of  the  strategic goals of higher education institutions in order to affirm their status and  brand.  In  particular,  self-assessment  is  an  important  step  in  quality  assurance. At Nha Trang University, the work carried out in the process of self-assessment   of   the   training   program   is   being   carried   out   in   the   conventional  approach,  causing  certain  difficulties  in  proof  management,  proof coding, comment collection and reporting. In this paper, we propose a tool to support the self-assessment process of training programs at Nha Trang University.   The   tool’s   main   functions   are   storing   evidence   centrally,automatically  encoding  proofs,  exchanging  real-time  online,  automatically  synthesizing and exporting reports. The tool will help members of the self-assessment panel to perform their tasks more effectively, and at the same time, support the Quality Assurance department to better manage evidence and self-assessment reports.",,2022,Hoàn thành,,,Giải pháp ứng dụng công nghệ thông tin trong quá trình tự đánh giá chương trình đào tạo
234,,ct_234,,,,,2020,Hoàn thành,,,Xử lý ý kiến phản hồi của người học dựa trên phương pháp phân loại văn bản
236,,ct_236,https://link.springer.com/article/10.1007/s42979-025-04113-y,,,,2025,Hoàn thành,,,Ontology-Based Parallel Splitting for Key Player Identification
237,,ct_237,https://jfst.vn/index.php/ntu/article/view/265,,"The paper discusses how the traditional method of association rule mining based on user-defined minimum support and confidence can result in either too many or too few association rules. This could lead to valuable information being missed or redundant rules being generated, which is not practical and can be costly to implement. The paper proposes an improvement of DARIT algorithm to mine association rules without redundancy and applies it to data from previous years of National High School Exams to Nha Trang University. The goal is to use the results to build an admissions counseling system that can help students increase their chances of being admitted to universities based on their exam results.",,2024,Hoàn thành,,,Apply and improve the association rules in predicting national high school admission scores to Nha Trang University
238,,ct_238,https://www.researchgate.net/publication/375544313_Social_Network_Recommendations_for_Friends_with_Neo4j_Graph_Database,,"Trong những năm gần đây, cùng với sự phát triển của internet, số lượng người dùng mạng xã hội ngày càng tăng. Thông qua mạng xã hội, người dùng có thể chia sẻ, trao đổi thông tin hoặc kết bạn với nhau. Tuy nhiên, với những mối quan hệ mới, người dùng thường có nhu cầu đánh giá độ tin cậy của một người bạn mới trước khi kết bạn trên mạng xã hội. Bài báo này đề xuất một hệ thống giới thiệu bạn bè trên mạng xã hội dựa trên cách tính toán độ tin cậy giữa những người dùng. Hệ thống đề xuất được thực hiện bằng cách sử dụng cơ sở dữ liệu đồ thị Neo4j. Kết quả của thuật toán sự thật được đề xuất trong bài báo này cao hơn các thuật toán tương tự khác.",,2023,Hoàn thành,,,Social Network Recommendations for Friends with Neo4j Graph Database
239,,ct_239,https://vjol.info.vn/sphcm/article/view/75939/64670,,"Recently, Web Ontology Language (OWL) has become a widely-used language for providing a source of precisely defined concepts. The number of OWL documents,  increasing with the growth of  the  Semantic  Web,   leads  to  the  heterogeneous  problem.  The  same  concepts  may  be  defined  differently,  using  different  terms  and  positions  in  the documental  structure.  Therefore,  identifying  the  element  similarity  in  different  ontologies  becomes  crucial  for  the  success  of  web  mining  and  information  integration  systems.  In  this  paper,  we  propose  a  new  semantic  similarity  measure  for  comparing elements in different OWL ontologies. This measure is designed to enable the extraction of  information  encoded  in  OWL  element  descriptions  and  to  take  into  account  the  element  relationships  with  its  ancestors,  brothers, and  children.  We  evaluate  the  proposed  metrics  in  the  context  of  matching  two  OWL  documents  to  determine  the  number  of  matches  between  them.  The  experimental results show better accuracy over other approaches.",,2022,Hoàn thành,,,Enhancing owl ontologies matching based on semantic similarity measurement
240,,ct_240,,,,,2018,Hoàn thành,,,Thuật toán xác định độ tin cậy giữa bạn bè trên mạng xã hội dựa vào ontology
241,,ct_241,,,,,2018,Hoàn thành,,,An improvement method for semantic mapping database to ontology
242,,ct_242,,,,,2017,Hoàn thành,,,"Xây dựng khung cơ sở dữ liệu số về hải dương, môi trường vùng biển Ninh Thuận - Bình Thuận"
245,,ct_245,https://jst-ud.vn/jst-ud/article/view/9869,,"Trong lĩnh vực thị giác máy tính, các bài toán như phát hiện vật thể, phân đoạn đối tượng và phân lớp thường yêu cầu dữ liệu huấn luyện được gán nhãn theo các định dạng khác nhau. Việc gán nhãn thủ công thường tốn nhiều thời gian và công sức, đặc biệt khi cùng một tập dữ liệu ảnh cần được gán nhãn theo nhiều cách khác nhau để phục vụ cho các yêu cầu khác nhau. Thách thức này càng trở nên rõ rệt trong bài toán đếm tôm giống, nơi các đối tượng có kích thước nhỏ, mật độ cao và thường chồng lấn lên nhau. Nghiên cứu này đề xuất một phương pháp tự động chuyển đổi nhãn từ dạng đa giác sang dạng hộp giới hạn, nhằm tối ưu hóa quy trình xử lý dữ liệu và cải thiện hiệu suất mô hình. Kết quả thực nghiệm cho thấy mô hình huấn luyện trên tập dữ liệu chuyển đổi tự động đạt tỷ lệ lỗi MAPE 3,26% trong bài toán đếm tôm giống, chứng minh tính hiệu quả của phương pháp đề xuất trong việc xử lý bài toán chuyển đổi định dạng nhãn.",,2025,Hoàn thành,,,Chuyển đổi nhân tự động trong thị giác máy tính cho bài toán điểm tôm giống
246,,ct_246,https://jst-ud.vn/jst-ud/article/view/9234,,"Phát hiện và chống gian lận trong kiểm tra đánh giá là công việc quan trọng trong các cơ sở giáo dục và trên các hệ thống trực tuyến. Trên nền tảng Moodle hoặc bất cứ nền tảng E-learning khác, thách thức để đảm bảo tính trung thực của sinh viên càng trở nên phức tạp. Việc gian lận khi mở một thẻ khác hoặc cửa sổ khác trong quá trình làm bài kiểm tra đánh giá trên E-learning cần phải được phát hiện. Trong nghiên cứu này, nhóm tác giả sẽ xây dựng một tập dữ liệu gồm các ảnh chụp màn hình thi trong trường hợp bình thường và có gian lận. Nhóm tác giả đề xuất một chiến lược phát hiện gian lận dựa vào thị giác máy tính, cụ thể là YOLOv8. Mục tiêu của chiến lược phát hiện gian lận là nhận biết các hành vi mở một thẻ hoặc cửa sổ khác trong quá trình kiểm tra đánh giá trên nền tảng Moodle. Điều này sẽ giúp đảm bảo công bằng, giảm thời gian và công sức của giám thị coi thi. Kết quả nghiên cứu đã chứng minh được khả năng phát hiện chính xác và tính khả thi.",,2024,Hoàn thành,,,Phát hiện gian lận trong quá trình kiểm tra đánh giá trên nền tảng NTU E-Learning tại Trường ĐH Nha Trang sử dụng thị giác máy tính
247,,ct_247,https://tcgd.tapchigiaoduc.edu.vn/index.php/tapchi/article/view/504/273,,"Multiple-choice questions (MCQ) testing  is a form of measurement and assessment that has been increasingly applied in schools. This form of assessment is being strongly supported on E-learning platforms, especially learning management systems. However, in Vietnam today, the quality assessment of MCQ items and tests in general, and online MCQ tests in particular, has not been given due attention. This paper introduces a solution to evaluate objective multiple-choice questions on Moodle systems using Item Response Theory. The solution is demonstrated through a Web application that the authors offer. Based on the analysis results, problematic questions requiring correction would be detected. This process can be iteratively conducted to improve the quality of the test items bank, thereby effectively improving the quality of the future MCQ tests.",,2022,Hoàn thành,,,"Một giải pháp hỗ trợ phân tích, đánh giá câu hỏi trắc nghiệm khách quan trên hệ thống MOODLE theo mô hình IRT"
248,,ct_248,,,,,2018,Hoàn thành,,,Cách mạng công nghiệp 4.0 động lực mới để chuyển đổi giáo dục
251,,ct_251,https://link.springer.com/chapter/10.1007/978-981-99-6547-2_37,,"Sự phát triển nhanh chóng của dữ liệu đã ảnh hưởng lớn đến hiệu suất lưu trữ, phân tích và xử lý dữ liệu trên các hệ thống sử dụng thuật toán học máy. Do đó, mục đích của nghiên cứu này là kiểm tra các nền tảng dữ liệu lớn thường được sử dụng và các thư viện học máy liên quan cũng như phân loại các hệ thống đề xuất. Từ đó, chúng tôi đánh giá thử nghiệm độ chính xác của hệ thống đề xuất dựa trên bộ lọc cộng tác dựa trên mô hình bằng cách sử dụng Alternating Minimum Squares—ALS trong Thư viện Machine Learning (MLlib) của Spark cho tập dữ liệu 1 M MovieLens. Thử nghiệm cho kết quả tốt khi đánh giá độ chính xác của hệ thống đề xuất dựa trên MLlib của Spark. Ngoài ra, báo cáo cũng kiểm tra những thay đổi về độ chính xác của công cụ đề xuất dựa trên việc điều chỉnh các thông số của thuật toán ALS.",,2024,Hoàn thành,,,Recommender system with Apache Spark
252,,ct_252,https://js.ktpt.edu.vn/index.php/jed/article/view/1294,,"Nghiên cứu này tập trung vào giá trị sang trọng của khách sạn hạng sang và khám phá mối quan hệ giữa biến số này với sự sẵn lòng chi trả và truyền miệng của người tiêu dùng với hài lòng là biến số kết nối. Kỹ thuật mô hình cấu trúc bình phương bé nhất bán phần (PLS-SEM) áp dụng trên một mẫu 300 người tiêu dùng cho thấy tác động của giá trị sang trọng, gồm giá trị độc nhất, giá trị tiêu khiển, và giá trị địa vị, đến hài lòng, và hài lòng tác động đến sự sẵn lòng chi trả và truyền miệng. Về mặt lý thuyết, nghiên cứu gia tăng sự hiểu biết về vai trò của giá trị sang trọng đối với sự sẵn lòng chi trả và truyền miệng tích cực thông qua việc gia tăng sự hài lòng. Về mặt thực tiễn, nghiên cứu nhấn mạnh tầm quan trọng của giá trị hạng sang như là một chiến lược thương hiệu mà nhà quản trị cần quan tâm để duy trì lợi thế cạnh tranh.",,2024,Hoàn thành,,,Ảnh hưởng của giá trị sang trọng đến sẵn lòng chi trả và truyền miệng đối với khách sạn hạng sang: Vai trò của sự hài lòng
253,,ct_253,https://vjol.info.vn/index.php/tctbgd/article/view/86864,,"The participation in academic subjects taught in English provides students a lot of obvious benefits not only in English skills but also in future profession. However, this learning process also makes students facing many challenges when taking the course. The article presents the English skills that students need to gain when taking an EMI course, as well as strategies can be used to support students improve their English skills and learn well in their EMI courses. Furthermore, the article also introduces some strategies to improve the student’s confidence and guide students in the EMI course.",,2023,Hoàn thành,,,Một số giải pháp giúp sinh viên học tốt các môn chuyên ngành bằng tiếng Anh
254,,ct_254,,,,,2022,Hoàn thành,,,Thực trạng và giải pháp hỗ trợ soạn thảo văn bản hành chính tại Trường Đại học Nha Trang
255,,ct_255,,,,,2021,Hoàn thành,,,Những hoạt động liên quan của giảng viên với phương pháp EMI (English as a medium of instruction) khi giảng dạy các môn chuyên ngành bằng tiếng anh
258,,ct_258,https://jst.tnu.edu.vn/jst/article/view/12346,,,,2025,Hoàn thành,,,Góc nhìn của giảng viên và sinh viên về việc lồng ghép kỹ năng nghề nghiệp vào giảng dạy tại Trường Đại học Nha Trang
259,,ct_259,,,,,2025,Hoàn thành,,,Bridging the Gap: Integrating Employability Skills - From Course Syllabi to Classroom Instruction
261,,ct_261,https://onlinelibrary.wiley.com/doi/full/10.4218/etrij.2024-0298,,"Trong những năm gần đây, mạng bay đặc biệt (FANET) đã được áp dụng rộng rãi do những tiến bộ nhanh chóng của máy bay không người lái (UAV). Tính di động liên tục của UAV, cùng với môi trường hoạt động của chúng trong không gian ba chiều, đặt ra những thách thức đáng kể đối với việc định tuyến trong FANET. Ngoài ra, các yếu tố như độ ổn định của liên kết, chất lượng liên kết, tốc độ bit liên kết và khả năng chuyển tiếp các gói của nút bước nhảy tiếp theo ảnh hưởng trực tiếp đến hiệu quả định tuyến. Kết hợp máy học và phương pháp định tuyến dựa trên vị trí giúp giải quyết những thách thức này. Bài báo này đề xuất một giao thức định tuyến dựa trên vị trí tích hợp thuật toán học tăng cường Q-learning (QL) với điều chỉnh tốc độ bit liên kết động và cơ chế phạt cho QL dựa trên tín hiệu truyền lại từ lớp liên kết. Các đánh giá hiệu suất được thực hiện bằng cách sử dụng OMNeT++ chứng minh rằng thuật toán được đề xuất đã nâng cao đáng kể hiệu suất mạng về tỷ lệ phân phối gói, thông lượng mạng, độ trễ đầu cuối, số lượng liên kết bị hỏng và tỷ lệ lỗi gói so với các thuật toán định tuyến nổi tiếng khác.",,2024,Hoàn thành,,,QLR‐FANET: A Q‐learning and rate control‐based routing protocol for flying ad hoc network
266,,ct_266,,,,,2017,Hoàn thành,,,Nhận dạng các tư thế con người từ dữ liệu cảm biến độ sâu sử dụng đặc trưng khoản cách và màu da
267,,ct_267,,,,,2017,Hoàn thành,,,Tổng hợp Tiếng Việt có cảm xúc
272,,ct_272,,,,,2021,Hoàn thành,,,Xác định các thông số của mô hình động học về sự phát triển của vi sinh vật gây hỏng và chỉ thị vệ sinh trên tôm sú cuối chuỗi cung ứng lạnh
274,,ct_274,https://jfst.vn/index.php/ntu/article/view/475,,"Nghiên cứu này nhằm thử nghiệm, đánh giá khả năng ứng dụng trí tuệ nhân tạo (artificial intelligence – AI) trong tự động hóa chẩn đoán bệnh trên tôm sú (Penaeus monodon). Một số bệnh trên tôm sú có dấu hiệu đặc trưng có thể nhận biết thông qua hình ảnh; trên cơ sở đó chúng tôi vận dụng các kỹ thuật tiên tiến của AI trong lĩnh vực thị giác máy tính (computer vision) để xây dựng hệ thống chẩn đoán hình ảnh có khả năng phân loại một số bệnh thường gặp trên tôm sú ở Việt Nam. Kết quả thực nghiệm trên 4 mẫu bệnh: đen mang, đốm đen, đốm trắng và hoại tử cơ cho thấy hệ thống chẩn đoán hình ảnh đạt độ chính xác cao nhất 87,58% với mô hình mạng neural tích chập (convolutional neural network - CNN) EfficientNet-B4 có áp dụng kỹ thuật học chuyển giao (transfer learning). Kết quả này gợi ý tiềm năng ứng dụng AI vào phân loại bệnh trên tôm sú, giúp rút ngắn thời gian, chi phí chẩn đoán bệnh, góp phần làm giảm thiệt hại của dịch bệnh gây ra cho nghề nuôi tôm.",,2024,Hoàn thành,,,Ứng dụng trí tuệ nhân tạo trong tự động hóa nhận dạng bệnh trên tôm sú
275,,ct_275,https://link.springer.com/article/10.1007/s42979-023-01718-z,,"Phương tiện truyền thông xã hội đã được sử dụng như một công cụ đo lường kết quả sức khỏe dân số. Các nền tảng truyền thông xã hội phổ biến không đồng nhất cho phép người dùng chia sẻ nhiều loại liên kết và dữ liệu. Tuy nhiên, các nghiên cứu hiện có về phân tích dân số dựa trên phương tiện truyền thông xã hội chủ yếu tập trung vào việc tận dụng văn bản do người dùng tạo, trong khi các nguồn dữ liệu khác chưa được khám phá. Trong nghiên cứu này, chúng tôi xem xét việc sử dụng hai nguồn dữ liệu điển hình từ các mạng xã hội không đồng nhất trực tuyến: văn bản thông thường và hình ảnh như một cảm biến mới trong việc hiểu sức khỏe dân số. Để sử dụng nội dung trực quan, chúng tôi đề xuất hai loại biểu diễn sức khỏe dân số được trích xuất từ hình ảnh được chia sẻ, cụ thể là biểu đồ màu — một tập hợp các tính năng trực quan được tạo thủ công và các tính năng tự động học được từ mạng nơ-ron tích chập sâu. Đối với dữ liệu văn bản, chúng tôi áp dụng hai loại tính năng văn bản nổi tiếng: tính năng kiểu ngôn ngữ và tính năng dựa trên nội dung. Để giải quyết vấn đề dữ liệu được gắn nhãn yếu, chúng tôi áp dụng kỹ thuật học tập đa phiên bản để giảm sai lệch phân loại có thể xảy ra. Để đánh giá, chúng tôi đánh giá các phương pháp được đề xuất về nhiệm vụ dự đoán kết quả sức khỏe quận của Hoa Kỳ thông qua bộ dữ liệu quy mô lớn được thu thập từ Flickr. Kết quả thử nghiệm cho thấy nội dung trực quan trên mạng xã hội, ngoài dữ liệu, là một chỉ số thông tin về kết quả sức khỏe dân số. Những thí nghiệm này cùng với phân tích chuyên sâu sẽ đóng vai trò như một tài liệu kỹ thuật cho nghiên cứu trong tương lai về phân tích sức khỏe dân số thông qua lăng kính của phương tiện truyền thông xã hội không đồng nhất.",,2023,Hoàn thành,,,Predicting Community Health Through Heterogeneous Social Networks
276,,ct_276,,,,,2020,Hoàn thành,,,A graph-based approach for population health analysis using Geo-tagged tweets
277,,ct_277,,,,,2019,Hoàn thành,,,An Empirical Study on Prediction of Population Health through Social Media
278,,ct_278,,,,,2020,Hoàn thành,,,GraphDTA: Predicting drug–target binding affinity with graph neural networks
280,,ct_280,https://www.sciencedirect.com/science/article/abs/pii/S0957417425008747,,,,2025,Hoàn thành,,,A community-aware graph neural network applied to geographical location-based representation learning and clustering within GIS
281,,ct_281,https://wires.onlinelibrary.wiley.com/doi/abs/10.1002/widm.70023,,,,2025,Hoàn thành,,,Geospatial Data Clustering in Network Space: A Survey
282,,ct_282,https://www.sciencedirect.com/science/article/abs/pii/S0020025524014403,,,,2024,Hoàn thành,,,NS-IDBSCAN: An Efficient Incremental Clustering Method for Geospatial Data in Network Space
283,,ct_283,https://link.springer.com/article/10.1007/s10489-024-05927-8,,,,2024,Hoàn thành,,,Efficient strategies for spatial data clustering using topological relations
284,,ct_284,https://www.sciencedirect.com/science/article/abs/pii/S0957417422024137,,"Trong những năm gần đây, cùng với sự phát triển nhanh chóng của thông tin dựa trên vị trí, các thuật toán phân cụm trên dữ liệu không gian đã được áp dụng rộng rãi để hiểu biết sâu sắc về dữ liệu và khám phá kiến thức. Các kỹ thuật phân cụm hiện có thường phụ thuộc vào các thông số của người dùng và chủ yếu thực hiện trên mặt phẳng có khoảng cách Euclid. Công trình này đề xuất thuật toán Phân cụm dựa trên tô pô không gian mạng (NS-TBC) để phân cụm các đối tượng ràng buộc mạng bằng cách sử dụng khung dựa trên tô pô. Cách tiếp cận này thay thế các phép đo khoảng cách bằng các mối quan hệ tô pô cho bài toán phân cụm không gian trong không gian mạng để tối ưu hóa các tham số. Phương pháp được đề xuất khai thác các ưu điểm của thuật toán ACUTIVE, được đề xuất vào năm 2016, nhưng cho các đối tượng ràng buộc mạng. Thuật toán NS-TBC được áp dụng cho sáu bộ dữ liệu từ Open Street Map để chứng minh hiệu quả của nó. Nó vượt trội hơn chỉ số Davies–Bouldin xác thực nội bộ so với các thuật toán ACUTE và iNS-DBSCAN, trong đó iNS-DBSCAN là thuật toán phân cụm hiệu quả hiện đại của chúng tôi cho dữ liệu không gian bị hạn chế mạng. Thời gian chạy cũng được đo lường cẩn thận cho mục đích đánh giá. Việc đánh giá chỉ được thực hiện cho hai thuật toán, NS-TBC và iNS-DBSCAN, vì ACUTE không được thiết kế để hoạt động trong không gian mạng. Kết quả thí nghiệm cho thấy thuật toán NS-TBC sử dụng ít hơn 50% thời gian tính toán cần thiết cho thuật toán iNS-DBSCAN. Tóm lại, thuật toán NS-TBC được đề xuất đã cung cấp một giải pháp để giảm số lượng tham số cho thuật toán iNS-DBSCAN đồng thời cải thiện đáng kể thời gian thực thi và chất lượng cụm.",,2022,Hoàn thành,,,An efficient topological-based clustering method on spatial data in network space
285,,ct_285,,,,,2021,Hoàn thành,,,Giải pháp công nghệ thông tin và truyền thông cho mô hình đào tạo kết hợp tại trường Đại học Nha Trang
286,,ct_286,,,,,2021,Hoàn thành,,,A method for efficient clustering of spatial data in network space
287,,ct_287,,,,,2021,Hoàn thành,,,Phương pháp luận sáng tạo - Một năng lực cần trang bị cho sinh viên trong kỷ nguyên 4.0
288,,ct_288,,,,,2018,Hoàn thành,,,Giải pháp thúc đẩy tinh thần tự học của sinh viên trong thời đại cách mạng công nghiệp 4.0
289,,ct_289,,,,,2017,Hoàn thành,,,Một vài đề xuất nhằm nâng cao chất lượng đào tạo nguồn nhân lực
291,,ct_291,,,,,2017,Hoàn thành,,,Mô hình hóa tri thức cho một cơ sở dữ liệu quan hệ bằng Ontology Web Language
